﻿<?xml version="1.0" encoding="utf-8"?>
<abapGit version="v1.0.0" serializer="LCL_OBJECT_SIA8" serializer_version="v1.0.0">
 <asx:abap xmlns:asx="http://www.sap.com/abapxml" version="1.0">
  <asx:values>
   <SIA8>
    <BRT_ID>Z_DEMO_APPL_JOBS</BRT_ID>
    <ABAP_LANGUAGE_VERSION>5</ABAP_LANGUAGE_VERSION>
    <NAME>Z_DEMO_APPL_JOBS</NAME>
    <TYPE>SIA8</TYPE>
    <DESCRIPTION>Z_DEMO_APPL_JOBS</DESCRIPTION>
    <ABAP_LANGU_VERSION>5</ABAP_LANGU_VERSION>
   </SIA8>
  </asx:values>
 </asx:abap>
</abapGit>
