﻿<?xml version="1.0" encoding="utf-8"?>
<abapGit version="v1.0.0" serializer="LCL_OBJECT_MSAG" serializer_version="v1.0.0">
 <asx:abap xmlns:asx="http://www.sap.com/abapxml" version="1.0">
  <asx:values>
   <T100A>
    <ARBGB>ZAPP_CM_DEMO_01</ARBGB>
    <MASTERLANG>E</MASTERLANG>
    <STEXT>Demo application jobs</STEXT>
   </T100A>
   <T100>
    <T100>
     <SPRSL>E</SPRSL>
     <ARBGB>ZAPP_CM_DEMO_01</ARBGB>
     <MSGNR>000</MSGNR>
     <TEXT>Error occured: &amp;1</TEXT>
    </T100>
    <T100>
     <SPRSL>E</SPRSL>
     <ARBGB>ZAPP_CM_DEMO_01</ARBGB>
     <MSGNR>001</MSGNR>
     <TEXT>Root cause: &amp;1</TEXT>
    </T100>
    <T100>
     <SPRSL>E</SPRSL>
     <ARBGB>ZAPP_CM_DEMO_01</ARBGB>
     <MSGNR>002</MSGNR>
     <TEXT>Job scheduling error &amp;1 &amp;2</TEXT>
    </T100>
   </T100>
  </asx:values>
 </asx:abap>
</abapGit>
