﻿<?xml version="1.0" encoding="utf-8"?>
<abapGit version="v1.0.0" serializer="LCL_OBJECT_IWSV" serializer_version="v1.0.0">
 <asx:abap xmlns:asx="http://www.sap.com/abapxml" version="1.0">
  <asx:values>
   <_-IWBEP_-I_MGW_SRG>
    <_-IWBEP_-I_MGW_SRG>
     <GROUP_TECH_NAME>ZAPPUI_INVENTORY_O2_01</GROUP_TECH_NAME>
     <GROUP_VERSION>0001</GROUP_VERSION>
     <MODEL_TECH_NAME>ZAPPUI_INVENTORY_O2_01</MODEL_TECH_NAME>
     <MODEL_VERSION>0001</MODEL_VERSION>
    </_-IWBEP_-I_MGW_SRG>
   </_-IWBEP_-I_MGW_SRG>
   <_-IWBEP_-I_MGW_SRH>
    <_-IWBEP_-I_MGW_SRH>
     <TECHNICAL_NAME>ZAPPUI_INVENTORY_O2_01</TECHNICAL_NAME>
     <VERSION>0001</VERSION>
     <EXTERNAL_NAME>ZAPPUI_INVENTORY_O2_01</EXTERNAL_NAME>
     <CLASS_NAME>CL_SADL_RAP_EXPOSURE_DPC</CLASS_NAME>
     <CREATED_BY>S4H_EXT</CREATED_BY>
     <CREATED_TIMESTMP>20221219093649</CREATED_TIMESTMP>
     <IS_SAP_SERVICE>-</IS_SAP_SERVICE>
    </_-IWBEP_-I_MGW_SRH>
   </_-IWBEP_-I_MGW_SRH>
   <_-IWBEP_-I_MGW_SRT>
    <_-IWBEP_-I_MGW_SRT>
     <TECHNICAL_NAME>ZAPPUI_INVENTORY_O2_01</TECHNICAL_NAME>
     <VERSION>0001</VERSION>
     <LANGUAGE>E</LANGUAGE>
     <DESCRIPTION>Inventory Odata V2</DESCRIPTION>
    </_-IWBEP_-I_MGW_SRT>
   </_-IWBEP_-I_MGW_SRT>
  </asx:values>
 </asx:abap>
</abapGit>
